[
  {
    "link": "/링크1",
    "imageSrc": "images/testwine.png",
    "rating": "4",
    "productNm": "N와인 사과&포도 선물세트",
    "subinfo": "햄프씨드가 들어간 마마스팜 프리미엄...",
    "price": "6,000"
  },
  {
    "link": "/링크2",
    "imageSrc": "images/testwine.png",
    "rating": "4",
    "productNm": "N와인 사과&포도 선물세트",
    "subinfo": "햄프씨드가 들어간 마마스팜 프리미엄...",
    "price": "6,000"
  },
  {
    "link": "/링크3",
    "imageSrc": "images/testwine.png",
    "rating": "4",
    "productNm": "N와인 사과&포도 선물세트",
    "subinfo": "햄프씨드가 들어간 마마스팜 프리미엄...",
    "price": "6,000"
  },
  {
    "link": "/링크3",
    "imageSrc": "images/testwine.png",
    "rating": "4",
    "productNm": "N와인 사과&포도 선물세트",
    "subinfo": "햄프씨드가 들어간 마마스팜 프리미엄sdsdsdsd...",
    "price": "6,000"
  },
  {
    "link": "/링크3",
    "imageSrc": "images/testwine.png",
    "rating": "4",
    "productNm": "N와인 사과&포도 선물세트",
    "subinfo": "햄프씨드가 들어간 마마스팜 프리미엄...",
    "price": "6,000"
  },
  {
    "link": "/링크1",
    "imageSrc": "images/testwine.png",
    "rating": "4",
    "productNm": "N와인 사과&포도 선물세트",
    "subinfo": "햄프씨드가 들어간 마마스팜 프리미엄...",
    "price": "6,000"
  },
  {
    "link": "/링크2",
    "imageSrc": "images/testwine.png",
    "rating": "4",
    "productNm": "N와인 사과&포도 선물세트",
    "subinfo": "햄프씨드가 들어간 마마스팜 프리미엄...",
    "price": "6,000"
  },
  {
    "link": "/링크3",
    "imageSrc": "images/testwine.png",
    "rating": "4",
    "productNm": "N와인 사과&포도 선물세트",
    "subinfo": "햄프씨드가 들어간 마마스팜 프리미엄...",
    "price": "6,000"
  },
  {
    "link": "/링크3",
    "imageSrc": "images/testwine.png",
    "rating": "4",
    "productNm": "N와인 사과&포도 선물세트",
    "subinfo": "햄프씨드가 들어간 마마스팜 프리미엄...",
    "price": "6,000"
  }
]
